Workbook

Sheet Paddy_Blending_Dashboard
B1: Location | D1: Target Needed (kg): | E1: 820 | F1: =IF(G2=0, "No Allocated Stock", IF(AND(G5>=0.01, G5<=0.015, G6>=0.95, G3>=0.75, G4>=0.8), "✅ Blend Fully Optimized (Priority 1)", IF(AND(G5>=0, G5<=0.03), "⚠️ Priority 2 Range (0.0% - 3.0%)", "❌ Rejected (Out of Bounds)"))) -> ❌ Rejected (Out of Bounds)
B2: KOTHURU COLD | E2: Total Stock Volume (kg) | G2: =SUM(E8:E200) -> 820
E3: Blend First Count % | G3: =IFERROR(SUM(H8:H200) / (G2 * 100), 0) -> 0.83053659
E4: Blend Final Germ % | G4: =IFERROR(SUM(I8:I200) / (G2 * 100), 0) -> 0.83182927
E5: Blend OT-2 % | G5: =IFERROR(SUM(F8:F200) / (G2 * 100), 0) -> 0.047022709
E6: Blend GP % | G6: =IFERROR(SUM(G8:G200) / (G2 * 100), 0) -> 0.94734719
A7: Batch ID | B7: Location | C7: Chamber-Bin | D7: SAP Total | E7: Allocation Qty | F7: OT-2 | G7: GP% | H7: FC | I7: Germ
A8: {=_xlfn._xlws.FILTER(Paddy_Data_Upload!A4:A1000,Paddy_Data_Upload!K4:K1000=$B$2,"No Batches")} -> KR237310 | B8: =IF(A8<>"",$B$2,"") -> KOTHURU COLD | C8: =IF(A8<>"",_xlfn.XLOOKUP(A8,Paddy_Data_Upload!A:A,Paddy_Data_Upload!L:L)&"-"&_xlfn.XLOOKUP(A8,Paddy_Data_Upload!A:A,Paddy_Data_Upload!N:N),"") -> CHAMBER-2-D1 | D8: =IF(A8<>"",_xlfn.XLOOKUP(A8,Paddy_Data_Upload!A:A,Paddy_Data_Upload!C:C),0) -> 626 | E8: =MIN(D8, MAX(0, $E$1 - SUM($E$7:E7))) -> 626 | F8: =D8 * _xlfn.XLOOKUP(A8, Paddy_Data_Upload!A:A, Paddy_Data_Upload!D:D) -> 3724.4851 | G8: =E8 * _xlfn.XLOOKUP(A8, Paddy_Data_Upload!A:A, Paddy_Data_Upload!E:E) -> 58589.016 | H8: =E8 * _xlfn.XLOOKUP(A8, Paddy_Data_Upload!A:A, Paddy_Data_Upload!G:G) -> 52584 | I8: =E8 * _xlfn.XLOOKUP(A8, Paddy_Data_Upload!A:A, Paddy_Data_Upload!H:H) -> 51332
A9: KR237378 | B9: =IF(A9<>"",$B$2,"") -> KOTHURU COLD | C9: =IF(A9<>"",_xlfn.XLOOKUP(A9,Paddy_Data_Upload!A:A,Paddy_Data_Upload!L:L)&"-"&_xlfn.XLOOKUP(A9,Paddy_Data_Upload!A:A,Paddy_Data_Upload!N:N),"") -> CHAMBER-2-A6 | D9: =IF(A9<>"",_xlfn.XLOOKUP(A9,Paddy_Data_Upload!A:A,Paddy_Data_Upload!C:C),0) -> 957 | E9: =MIN(D9, MAX(0, $E$1 - SUM($E$7:E8))) -> 194 | F9: =E9 * _xlfn.XLOOKUP(A9, Paddy_Data_Upload!A:A, Paddy_Data_Upload!D:D) -> 131.37698 | G9: =E9 * _xlfn.XLOOKUP(A9, Paddy_Data_Upload!A:A, Paddy_Data_Upload!E:E) -> 19093.454 | H9: =E9 * _xlfn.XLOOKUP(A9, Paddy_Data_Upload!A:A, Paddy_Data_Upload!G:G) -> 15520 | I9: =E9 * _xlfn.XLOOKUP(A9, Paddy_Data_Upload!A:A, Paddy_Data_Upload!H:H) -> 16878
A10: KR237379 | B10: =IF(A10<>"",$B$2,"") -> KOTHURU COLD | C10: =IF(A10<>"",_xlfn.XLOOKUP(A10,Paddy_Data_Upload!A:A,Paddy_Data_Upload!L:L)&"-"&_xlfn.XLOOKUP(A10,Paddy_Data_Upload!A:A,Paddy_Data_Upload!N:N),"") -> CHAMBER-2-A6 | D10: =IF(A10<>"",_xlfn.XLOOKUP(A10,Paddy_Data_Upload!A:A,Paddy_Data_Upload!C:C),0) -> 1720 | E10: =MIN(D10, MAX(0, $E$1 - SUM($E$7:E9))) -> 0 | F10: =E10 * _xlfn.XLOOKUP(A10, Paddy_Data_Upload!A:A, Paddy_Data_Upload!D:D) -> 0 | G10: =E10 * _xlfn.XLOOKUP(A10, Paddy_Data_Upload!A:A, Paddy_Data_Upload!E:E) -> 0 | H10: =E10 * _xlfn.XLOOKUP(A10, Paddy_Data_Upload!A:A, Paddy_Data_Upload!G:G) -> 0 | I10: =E10 * _xlfn.XLOOKUP(A10, Paddy_Data_Upload!A:A, Paddy_Data_Upload!H:H) -> 0
A11: KR237380 | B11: =IF(A11<>"",$B$2,"") -> KOTHURU COLD | C11: =IF(A11<>"",_xlfn.XLOOKUP(A11,Paddy_Data_Upload!A:A,Paddy_Data_Upload!L:L)&"-"&_xlfn.XLOOKUP(A11,Paddy_Data_Upload!A:A,Paddy_Data_Upload!N:N),"") -> CHAMBER-2-A6 | D11: =IF(A11<>"",_xlfn.XLOOKUP(A11,Paddy_Data_Upload!A:A,Paddy_Data_Upload!C:C),0) -> 1196 | E11: =MIN(D11, MAX(0, $E$1 - SUM($E$7:E10))) -> 0 | F11: =E11 * _xlfn.XLOOKUP(A11, Paddy_Data_Upload!A:A, Paddy_Data_Upload!D:D) -> 0 | G11: =E11 * _xlfn.XLOOKUP(A11, Paddy_Data_Upload!A:A, Paddy_Data_Upload!E:E) -> 0 | H11: =E11 * _xlfn.XLOOKUP(A11, Paddy_Data_Upload!A:A, Paddy_Data_Upload!G:G) -> 0 | I11: =E11 * _xlfn.XLOOKUP(A11, Paddy_Data_Upload!A:A, Paddy_Data_Upload!H:H) -> 0
A12: KR237309 | B12: =IF(A12<>"",$B$2,"") -> KOTHURU COLD | C12: =IF(A12<>"",_xlfn.XLOOKUP(A12,Paddy_Data_Upload!A:A,Paddy_Data_Upload!L:L)&"-"&_xlfn.XLOOKUP(A12,Paddy_Data_Upload!A:A,Paddy_Data_Upload!N:N),"") -> CHAMBER-2-D1 | D12: =IF(A12<>"",_xlfn.XLOOKUP(A12,Paddy_Data_Upload!A:A,Paddy_Data_Upload!C:C),0) -> 582 | E12: =MIN(D12, MAX(0, $E$1 - SUM($E$7:E11))) -> 0 | F12: =E12 * _xlfn.XLOOKUP(A12, Paddy_Data_Upload!A:A, Paddy_Data_Upload!D:D) -> 0 | G12: =E12 * _xlfn.XLOOKUP(A12, Paddy_Data_Upload!A:A, Paddy_Data_Upload!E:E) -> 0 | H12: =E12 * _xlfn.XLOOKUP(A12, Paddy_Data_Upload!A:A, Paddy_Data_Upload!G:G) -> 0 | I12: =E12 * _xlfn.XLOOKUP(A12, Paddy_Data_Upload!A:A, Paddy_Data_Upload!H:H) -> 0
A13: KR237382 | B13: =IF(A13<>"",$B$2,"") -> KOTHURU COLD | C13: =IF(A13<>"",_xlfn.XLOOKUP(A13,Paddy_Data_Upload!A:A,Paddy_Data_Upload!L:L)&"-"&_xlfn.XLOOKUP(A13,Paddy_Data_Upload!A:A,Paddy_Data_Upload!N:N),"") -> CHAMBER-2-A6 | D13: =IF(A13<>"",_xlfn.XLOOKUP(A13,Paddy_Data_Upload!A:A,Paddy_Data_Upload!C:C),0) -> 1795 | E13: =MIN(D13, MAX(0, $E$1 - SUM($E$7:E12))) -> 0 | F13: =E13 * _xlfn.XLOOKUP(A13, Paddy_Data_Upload!A:A, Paddy_Data_Upload!D:D) -> 0 | G13: =E13 * _xlfn.XLOOKUP(A13, Paddy_Data_Upload!A:A, Paddy_Data_Upload!E:E) -> 0 | H13: =E13 * _xlfn.XLOOKUP(A13, Paddy_Data_Upload!A:A, Paddy_Data_Upload!G:G) -> 0 | I13: =E13 * _xlfn.XLOOKUP(A13, Paddy_Data_Upload!A:A, Paddy_Data_Upload!H:H) -> 0
A14: KR237383 | B14: =IF(A14<>"",$B$2,"") -> KOTHURU COLD | C14: =IF(A14<>"",_xlfn.XLOOKUP(A14,Paddy_Data_Upload!A:A,Paddy_Data_Upload!L:L)&"-"&_xlfn.XLOOKUP(A14,Paddy_Data_Upload!A:A,Paddy_Data_Upload!N:N),"") -> CHAMBER-2-A6 | D14: =IF(A14<>"",_xlfn.XLOOKUP(A14,Paddy_Data_Upload!A:A,Paddy_Data_Upload!C:C),0) -> 948 | E14: =MIN(D14, MAX(0, $E$1 - SUM($E$7:E13))) -> 0 | F14: =E14 * _xlfn.XLOOKUP(A14, Paddy_Data_Upload!A:A, Paddy_Data_Upload!D:D) -> 0 | G14: =E14 * _xlfn.XLOOKUP(A14, Paddy_Data_Upload!A:A, Paddy_Data_Upload!E:E) -> 0 | H14: =E14 * _xlfn.XLOOKUP(A14, Paddy_Data_Upload!A:A, Paddy_Data_Upload!G:G) -> 0 | I14: =E14 * _xlfn.XLOOKUP(A14, Paddy_Data_Upload!A:A, Paddy_Data_Upload!H:H) -> 0
A15: KR237387 | B15: =IF(A15<>"",$B$2,"") -> KOTHURU COLD | C15: =IF(A15<>"",_xlfn.XLOOKUP(A15,Paddy_Data_Upload!A:A,Paddy_Data_Upload!L:L)&"-"&_xlfn.XLOOKUP(A15,Paddy_Data_Upload!A:A,Paddy_Data_Upload!N:N),"") -> CHAMBER-2-A6 | D15: =IF(A15<>"",_xlfn.XLOOKUP(A15,Paddy_Data_Upload!A:A,Paddy_Data_Upload!C:C),0) -> 1077 | E15: =MIN(D15, MAX(0, $E$1 - SUM($E$7:E14))) -> 0 | F15: =E15 * _xlfn.XLOOKUP(A15, Paddy_Data_Upload!A:A, Paddy_Data_Upload!D:D) -> 0 | G15: =E15 * _xlfn.XLOOKUP(A15, Paddy_Data_Upload!A:A, Paddy_Data_Upload!E:E) -> 0 | H15: =E15 * _xlfn.XLOOKUP(A15, Paddy_Data_Upload!A:A, Paddy_Data_Upload!G:G) -> 0 | I15: =E15 * _xlfn.XLOOKUP(A15, Paddy_Data_Upload!A:A, Paddy_Data_Upload!H:H) -> 0
A16: KR237465 | B16: =IF(A16<>"",$B$2,"") -> KOTHURU COLD | C16: =IF(A16<>"",_xlfn.XLOOKUP(A16,Paddy_Data_Upload!A:A,Paddy_Data_Upload!L:L)&"-"&_xlfn.XLOOKUP(A16,Paddy_Data_Upload!A:A,Paddy_Data_Upload!N:N),"") -> CHAMBER-2-A6 | D16: =IF(A16<>"",_xlfn.XLOOKUP(A16,Paddy_Data_Upload!A:A,Paddy_Data_Upload!C:C),0) -> 1196 | E16: =MIN(D16, MAX(0, $E$1 - SUM($E$7:E15))) -> 0 | F16: =E16 * _xlfn.XLOOKUP(A16, Paddy_Data_Upload!A:A, Paddy_Data_Upload!D:D) -> 0 | G16: =E16 * _xlfn.XLOOKUP(A16, Paddy_Data_Upload!A:A, Paddy_Data_Upload!E:E) -> 0 | H16: =E16 * _xlfn.XLOOKUP(A16, Paddy_Data_Upload!A:A, Paddy_Data_Upload!G:G) -> 0 | I16: =E16 * _xlfn.XLOOKUP(A16, Paddy_Data_Upload!A:A, Paddy_Data_Upload!H:H) -> 0
A17: KR237381 | B17: =IF(A17<>"",$B$2,"") -> KOTHURU COLD | C17: =IF(A17<>"",_xlfn.XLOOKUP(A17,Paddy_Data_Upload!A:A,Paddy_Data_Upload!L:L)&"-"&_xlfn.XLOOKUP(A17,Paddy_Data_Upload!A:A,Paddy_Data_Upload!N:N),"") -> CHAMBER-2-A6 | D17: =IF(A17<>"",_xlfn.XLOOKUP(A17,Paddy_Data_Upload!A:A,Paddy_Data_Upload!C:C),0) -> 1795 | E17: =MIN(D17, MAX(0, $E$1 - SUM($E$7:E16))) -> 0 | F17: =E17 * _xlfn.XLOOKUP(A17, Paddy_Data_Upload!A:A, Paddy_Data_Upload!D:D) -> 0 | G17: =E17 * _xlfn.XLOOKUP(A17, Paddy_Data_Upload!A:A, Paddy_Data_Upload!E:E) -> 0 | H17: =E17 * _xlfn.XLOOKUP(A17, Paddy_Data_Upload!A:A, Paddy_Data_Upload!G:G) -> 0 | I17: =E17 * _xlfn.XLOOKUP(A17, Paddy_Data_Upload!A:A, Paddy_Data_Upload!H:H) -> 0
A18: KR237466 | B18: =IF(A18<>"",$B$2,"") -> KOTHURU COLD | C18: =IF(A18<>"",_xlfn.XLOOKUP(A18,Paddy_Data_Upload!A:A,Paddy_Data_Upload!L:L)&"-"&_xlfn.XLOOKUP(A18,Paddy_Data_Upload!A:A,Paddy_Data_Upload!N:N),"") -> CHAMBER-2-A6 | D18: =IF(A18<>"",_xlfn.XLOOKUP(A18,Paddy_Data_Upload!A:A,Paddy_Data_Upload!C:C),0) -> 1017 | E18: =MIN(D18, MAX(0, $E$1 - SUM($E$7:E17))) -> 0 | F18: =E18 * _xlfn.XLOOKUP(A18, Paddy_Data_Upload!A:A, Paddy_Data_Upload!D:D) -> 0 | G18: =E18 * _xlfn.XLOOKUP(A18, Paddy_Data_Upload!A:A, Paddy_Data_Upload!E:E) -> 0 | H18: =E18 * _xlfn.XLOOKUP(A18, Paddy_Data_Upload!A:A, Paddy_Data_Upload!G:G) -> 0 | I18: =E18 * _xlfn.XLOOKUP(A18, Paddy_Data_Upload!A:A, Paddy_Data_Upload!H:H) -> 0
A19: KR237467 | B19: =IF(A19<>"",$B$2,"") -> KOTHURU COLD | C19: =IF(A19<>"",_xlfn.XLOOKUP(A19,Paddy_Data_Upload!A:A,Paddy_Data_Upload!L:L)&"-"&_xlfn.XLOOKUP(A19,Paddy_Data_Upload!A:A,Paddy_Data_Upload!N:N),"") -> CHAMBER-2-A6 | D19: =IF(A19<>"",_xlfn.XLOOKUP(A19,Paddy_Data_Upload!A:A,Paddy_Data_Upload!C:C),0) -> 981 | E19: =MIN(D19, MAX(0, $E$1 - SUM($E$7:E18))) -> 0 | F19: =E19 * _xlfn.XLOOKUP(A19, Paddy_Data_Upload!A:A, Paddy_Data_Upload!D:D) -> 0 | G19: =E19 * _xlfn.XLOOKUP(A19, Paddy_Data_Upload!A:A, Paddy_Data_Upload!E:E) -> 0 | H19: =E19 * _xlfn.XLOOKUP(A19, Paddy_Data_Upload!A:A, Paddy_Data_Upload!G:G) -> 0 | I19: =E19 * _xlfn.XLOOKUP(A19, Paddy_Data_Upload!A:A, Paddy_Data_Upload!H:H) -> 0
A20: KR237312 | B20: =IF(A20<>"",$B$2,"") -> KOTHURU COLD | C20: =IF(A20<>"",_xlfn.XLOOKUP(A20,Paddy_Data_Upload!A:A,Paddy_Data_Upload!L:L)&"-"&_xlfn.XLOOKUP(A20,Paddy_Data_Upload!A:A,Paddy_Data_Upload!N:N),"") -> CHAMBER-2-D1 | D20: =IF(A20<>"",_xlfn.XLOOKUP(A20,Paddy_Data_Upload!A:A,Paddy_Data_Upload!C:C),0) -> 685 | E20: =MIN(D20, MAX(0, $E$1 - SUM($E$7:E19))) -> 0 | F20: =E20 * _xlfn.XLOOKUP(A20, Paddy_Data_Upload!A:A, Paddy_Data_Upload!D:D) -> 0 | G20: =E20 * _xlfn.XLOOKUP(A20, Paddy_Data_Upload!A:A, Paddy_Data_Upload!E:E) -> 0 | H20: =E20 * _xlfn.XLOOKUP(A20, Paddy_Data_Upload!A:A, Paddy_Data_Upload!G:G) -> 0 | I20: =E20 * _xlfn.XLOOKUP(A20, Paddy_Data_Upload!A:A, Paddy_Data_Upload!H:H) -> 0
... A32: KR237311 | B32: =IF(A32<>"",$B$2,"") -> KOTHURU COLD | C32: =IF(A32<>"",_xlfn.XLOOKUP(A32,Paddy_Data_Upload!A:A,Paddy_Data_Upload!L:L)&"-"&_xlfn.XLOOKUP(A32,Paddy_Data_Upload!A:A,Paddy_Data_Upload!N:N),"") -> CHAMBER-2-D1 | D32: =IF(A32<>"",_xlfn.XLOOKUP(A32,Paddy_Data_Upload!A:A,Paddy_Data_Upload!C:C),0) -> 1250 | E32: =MIN(D32, MAX(0, $E$1 - SUM($E$7:E31))) -> 0 | F32: =E32 * _xlfn.XLOOKUP(A32, Paddy_Data_Upload!A:A, Paddy_Data_Upload!D:D) -> 0 | G32: =E32 * _xlfn.XLOOKUP(A32, Paddy_Data_Upload!A:A, Paddy_Data_Upload!E:E) -> 0 | H32: =E32 * _xlfn.XLOOKUP(A32, Paddy_Data_Upload!A:A, Paddy_Data_Upload!G:G) -> 0 | I32: =E32 * _xlfn.XLOOKUP(A32, Paddy_Data_Upload!A:A, Paddy_Data_Upload!H:H) -> 0
K33: =IF(A33="","",IF(AND(F33>=Paddy_Settings!$C$2,I33>=Paddy_Settings!$C$3,H33<=1.5%),"Priority 1",IF(AND(F33>=Paddy_Settings!$C$2,I33>=Paddy_Settings!$C$3,H33<=3%),"Priority 2","Flagged/Reject")))
K34: =IF(A34="","",IF(AND(F34>=Paddy_Settings!$C$2,I34>=Paddy_Settings!$C$3,H34<=1.5%),"Priority 1",IF(AND(F34>=Paddy_Settings!$C$2,I34>=Paddy_Settings!$C$3,H34<=3%),"Priority 2","Flagged/Reject")))
K35: =IF(A35="","",IF(AND(F35>=Paddy_Settings!$C$2,I35>=Paddy_Settings!$C$3,H35<=1.5%),"Priority 1",IF(AND(F35>=Paddy_Settings!$C$2,I35>=Paddy_Settings!$C$3,H35<=3%),"Priority 2","Flagged/Reject")))

Sheet Paddy_Data_Upload
K2: Storage Location
A3: Batch | B3: Category | C3: SAP Total | D3: OT-2% | E3: G.P % | F3: Phy.Pty | G3: First Count | H3: Final G% | I3: DOT | J3: Grade | K3: location | L3: Chamber | M3: Floor | N3: Bin
A4: KR237310 | B4: FRS | C4: 626 | D4: 5.9496568 | E4: 93.592677 | F4: OK | G4: 84 | H4: 82 | I4: 45300 | J4: C | K4: KOTHURU COLD | L4: CHAMBER-2 | M4: F1 | N4: D1
A5: KR237378 | B5: FRS | C5: 957 | D5: 0.6772009 | E5: 98.419865 | F5: OK | G5: 80 | H5: 87 | I5: 45321 | J5: C | K5: KOTHURU COLD | L5: CHAMBER-2 | M5: F2 | N5: A6
A6: KR237379 | B6: FRS | C6: 1720 | D6: 0.22421525 | E6: 98.206278 | F6: OK | G6: 64 | H6: 86 | I6: 45321 | J6: C | K6: KOTHURU COLD | L6: CHAMBER-2 | M6: F2 | N6: A6
A7: KR237380 | B7: FRS | C7: 1196 | D7: 0.46728972 | E7: 98.364486 | F7: OK | G7: 84 | H7: 85 | I7: 45300 | J7: A | K7: KOTHURU COLD | L7: CHAMBER-2 | M7: F2 | N7: A6
A8: KR237309 | B8: FRS | C8: 582 | D8: 5.6470588 | E8: 93.647059 | F8: OK | G8: 82 | H8: 81 | I8: 45300 | J8: C | K8: KOTHURU COLD | L8: CHAMBER-2 | M8: F1 | N8: D1
A9: KR237382 | B9: FRS | C9: 1795 | D9: 0.69444444 | E9: 98.611111 | F9: OK | G9: 82 | H9: 85 | I9: 45321 | J9: C | K9: KOTHURU COLD | L9: CHAMBER-2 | M9: F2 | N9: A6
A10: KR237383 | B10: FRS | C10: 948 | D10: 2.283105 | E10: 97.716895 | F10: OK | G10: 68 | H10: 83 | I10: 45321 | J10: C | K10: KOTHURU COLD | L10: CHAMBER-2 | M10: F2 | N10: A6
A11: KR237387 | B11: FRS | C11: 1077 | D11: 0.89485459 | E11: 98.881432 | F11: OK | G11: 80 | H11: 84 | I11: 45300 | J11: B | K11: KOTHURU COLD | L11: CHAMBER-2 | M11: F2 | N11: A6
A12: KR237465 | B12: FRS | C12: 1196 | D12: 0.44247788 | E12: 98.672566 | F12: OK | G12: 76 | H12: 76 | I12: 45321 | J12: C | K12: KOTHURU COLD | L12: CHAMBER-2 | M12: F2 | N12: A6
A13: KR237381 | B13: FRS | C13: 1795 | D13: 0.22522523 | E13: 98.873874 | F13: OK | G13: 78 | H13: 87 | I13: 45321 | J13: C | K13: KOTHURU COLD | L13: CHAMBER-2 | M13: F2 | N13: A6
A14: KR237466 | B14: FRS | C14: 1017 | D14: 0 | E14: 99.086758 | F14: OK | G14: 80 | H14: 84 | I14: 45300 | J14: B | K14: KOTHURU COLD | L14: CHAMBER-2 | M14: F2 | N14: A6
A15: KR237467 | B15: FRS | C15: 981 | D15: 1.826484 | E15: 97.260274 | F15: OK | G15: 76 | H15: 87 | I15: 45321 | J15: C | K15: KOTHURU COLD | L15: CHAMBER-2 | M15: F2 | N15: A6
... A38: ER1959CPB | B38: Inventory | C38: 3300 | D38: 1.5625 | E38: 98.214286 | F38: OK | G38: 78 | H38: 78 | I38: 45324 | J38: C | K38: BVN COLD | L38: CHAMBER1 | M38: F-1 | N38: C-8
C39: =SUM(C4:C38) -> 48815

Sheet Paddy_Settings
A1: Row | B1: Column A (Parameter) | C1: Column B (Min Target) | D1: Column C (Max Target)
A2: 1 | B2: Parameter | C2: Min Value | D2: Max Value | E2: {=_xlfn.UNIQUE(_xlfn._xlws.FILTER(Paddy_Data_Upload!K4:K10000,Paddy_Data_Upload!K4:K10000<>""))} -> KOTHURU COLD
A3: 2 | B3: First Count % | C3: 0.75 | E3: BVN COLD
A4: 3 | B4: Target GP % | C4: 0.95
A5: 4 | B5: OT % | C5: 0.01 | D5: 0.015
A6: 5 | B6: Germination % | C6: 0.8
C7: 0.75

Sheet Cotton_Blending_Dashboard
B1: Location | E1: Target Needed (kg) Input | F1: 800 | G1: =IF(F2=0, "No Allocated Stock", IF(AND(F8<=0.015, F7<=0.085, F6>=0.9, F3>=0.75, F4>=0.9, F5>=0.9), "✅ Blend Fully Optimized (Priority 1)", "❌ Rejected (Out of Bounds)")) -> ✅ Blend Fully Optimized (Priority 1)
B2: 4 | E2: Total Stock Volume (kg) | F2: =SUM(E11:E200) -> 800
E3: Blend Germ % | F3: =IFERROR(SUM(F11:F200) / (F2 * 100), 0) -> 0.794245
E4: Blend CRY-1 % | F4: =IFERROR(SUM(G11:G200) / (F2 * 100), 0) -> 0.9424625
E5: Blend CRY-2 % | F5: =IFERROR(SUM(H11:H200) / (F2 * 100), 0) -> 0.98743795
E6: Blend GP % | F6: =IFERROR(SUM(I11:I200) / (F2 * 100), 0) -> 0.98743795
E7: Blend Self % | F7: =IFERROR(SUM(J11:J200) / (F2 * 100), 0) -> 0.01256205
E8: Blend OT % | F8: =IFERROR(SUM(K11:K200) / (F2 * 100), 0) -> 0
A10: Lot no | B10: Lot Location | C10: Qty in kg | D10: Packets | E10: Allocation Qty | F10: Germ | G10: Cry-1 | H10: Cry-2 | I10: GP | J10: Self | K10: OT
A11: {=_xlfn._xlws.FILTER(Cotton_Data_Upload!A4:A100,Cotton_Data_Upload!B4:B100=$B$2,"No Lots")} -> SK2313258 | B11: =IF(A11<>"",$B$2,"") -> 4 | C11: =IF(A11<>"",_xlfn.XLOOKUP(A11,Cotton_Data_Upload!A:A,Cotton_Data_Upload!C:C),0) -> 21.5 | D11: =IF(A11<>"",_xlfn.XLOOKUP(A11,Cotton_Data_Upload!A:A,Cotton_Data_Upload!D:D),0) -> 47.777778 | E11: =MIN(C11, MAX(0, $F$1)) -> 21.5 | F11: =IF(E11>0, E11 * _xlfn.XLOOKUP(A11, Cotton_Data_Upload!A:A, Cotton_Data_Upload!E:E, 0), 0) -> 1870.5 | G11: =IF(E11>0, E11 * _xlfn.XLOOKUP(A11, Cotton_Data_Upload!A:A, Cotton_Data_Upload!H:H, 0), 0) -> 2107 | H11: =IF(E11>0, E11 * _xlfn.XLOOKUP(A11, Cotton_Data_Upload!A:A, Cotton_Data_Upload!I:I, 0), 0) -> 2150 | I11: =IF(E11>0, E11 * _xlfn.XLOOKUP(A11, Cotton_Data_Upload!A:A, Cotton_Data_Upload!I:I, 0), 0) -> 2150 | J11: =IF(E11>0, E11 * _xlfn.XLOOKUP(A11, Cotton_Data_Upload!A:A, Cotton_Data_Upload!J:J, 0), 0) -> 0 | K11: =IF(E11>0, E11 * _xlfn.XLOOKUP(A11, Cotton_Data_Upload!A:A, Cotton_Data_Upload!L:L, 0), 0) -> 0
A12: SK2311828 | B12: =IF(A12<>"",$B$2,"") -> 4 | C12: =IF(A12<>"",_xlfn.XLOOKUP(A12,Cotton_Data_Upload!A:A,Cotton_Data_Upload!C:C),0) -> 110.5 | D12: =IF(A12<>"",_xlfn.XLOOKUP(A12,Cotton_Data_Upload!A:A,Cotton_Data_Upload!D:D),0) -> 245.55556 | E12: =MIN(C12, MAX(0, $F$1 - SUM($E$11:E11))) -> 110.5 | F12: =IF(E12>0, E12 * IFERROR(_xlfn.XLOOKUP(A12, Cotton_Data_Upload!A:A, Cotton_Data_Upload!E:E), 0), 0) -> 9613.5 | G12: =E12 * _xlfn.XLOOKUP(A12, Cotton_Data_Upload!A:A, Cotton_Data_Upload!H:H) -> 10829 | H12: =E12 * _xlfn.XLOOKUP(A12, Cotton_Data_Upload!A:A, Cotton_Data_Upload!I:I) -> 10759.385 | I12: =IF(E12>0, E12 * _xlfn.XLOOKUP(A12, Cotton_Data_Upload!A:A, Cotton_Data_Upload!I:I, 0), 0) -> 10759.385 | J12: =IF(E12>0, E12 * _xlfn.XLOOKUP(A12, Cotton_Data_Upload!A:A, Cotton_Data_Upload!J:J, 0), 0) -> 290.615 | K12: =IF(E12>0, E12 * _xlfn.XLOOKUP(A12, Cotton_Data_Upload!A:A, Cotton_Data_Upload!K:K, 0), 0) -> 0
A13: SK2311881 | B13: =IF(A13<>"",$B$2,"") -> 4 | C13: =IF(A13<>"",_xlfn.XLOOKUP(A13,Cotton_Data_Upload!A:A,Cotton_Data_Upload!C:C),0) -> 56.6 | D13: =IF(A13<>"",_xlfn.XLOOKUP(A13,Cotton_Data_Upload!A:A,Cotton_Data_Upload!D:D),0) -> 125.77778 | E13: =MIN(C13, MAX(0, $F$1 - SUM($E$11:E12))) -> 56.6 | F13: =IF(E13>0, E13 * IFERROR(_xlfn.XLOOKUP(A13, Cotton_Data_Upload!A:A, Cotton_Data_Upload!E:E), 0), 0) -> 4811 | G13: =E13 * _xlfn.XLOOKUP(A13, Cotton_Data_Upload!A:A, Cotton_Data_Upload!H:H) -> 5660 | H13: =E13 * _xlfn.XLOOKUP(A13, Cotton_Data_Upload!A:A, Cotton_Data_Upload!I:I) -> 5660 | I13: =IF(E13>0, E13 * _xlfn.XLOOKUP(A13, Cotton_Data_Upload!A:A, Cotton_Data_Upload!I:I, 0), 0) -> 5660 | J13: =IF(E13>0, E13 * _xlfn.XLOOKUP(A13, Cotton_Data_Upload!A:A, Cotton_Data_Upload!J:J, 0), 0) -> 0 | K13: =IF(E13>0, E13 * _xlfn.XLOOKUP(A13, Cotton_Data_Upload!A:A, Cotton_Data_Upload!K:K, 0), 0) -> 0
A14: SK2312996 | B14: =IF(A14<>"",$B$2,"") -> 4 | C14: =IF(A14<>"",_xlfn.XLOOKUP(A14,Cotton_Data_Upload!A:A,Cotton_Data_Upload!C:C),0) -> 69.3 | D14: =IF(A14<>"",_xlfn.XLOOKUP(A14,Cotton_Data_Upload!A:A,Cotton_Data_Upload!D:D),0) -> 154 | E14: =MIN(C14, MAX(0, $F$1 - SUM($E$11:E13))) -> 69.3 | F14: =IF(E14>0, E14 * IFERROR(_xlfn.XLOOKUP(A14, Cotton_Data_Upload!A:A, Cotton_Data_Upload!E:E), 0), 0) -> 5821.2 | G14: =E14 * _xlfn.XLOOKUP(A14, Cotton_Data_Upload!A:A, Cotton_Data_Upload!H:H) -> 6652.8 | H14: =E14 * _xlfn.XLOOKUP(A14, Cotton_Data_Upload!A:A, Cotton_Data_Upload!I:I) -> 6410.25 | I14: =IF(E14>0, E14 * _xlfn.XLOOKUP(A14, Cotton_Data_Upload!A:A, Cotton_Data_Upload!I:I, 0), 0) -> 6410.25 | J14: =IF(E14>0, E14 * _xlfn.XLOOKUP(A14, Cotton_Data_Upload!A:A, Cotton_Data_Upload!J:J, 0), 0) -> 519.75 | K14: =IF(E14>0, E14 * _xlfn.XLOOKUP(A14, Cotton_Data_Upload!A:A, Cotton_Data_Upload!K:K, 0), 0) -> 0
A15: SK2313151 | B15: =IF(A15<>"",$B$2,"") -> 4 | C15: =IF(A15<>"",_xlfn.XLOOKUP(A15,Cotton_Data_Upload!A:A,Cotton_Data_Upload!C:C),0) -> 63.2 | D15: =IF(A15<>"",_xlfn.XLOOKUP(A15,Cotton_Data_Upload!A:A,Cotton_Data_Upload!D:D),0) -> 140.44444 | E15: =MIN(C15, MAX(0, $F$1 - SUM($E$11:E14))) -> 63.2 | F15: =IF(E15>0, E15 * IFERROR(_xlfn.XLOOKUP(A15, Cotton_Data_Upload!A:A, Cotton_Data_Upload!E:E), 0), 0) -> 5308.8 | G15: =E15 * _xlfn.XLOOKUP(A15, Cotton_Data_Upload!A:A, Cotton_Data_Upload!H:H) -> 2844 | H15: =E15 * _xlfn.XLOOKUP(A15, Cotton_Data_Upload!A:A, Cotton_Data_Upload!I:I) -> 6320 | I15: =IF(E15>0, E15 * _xlfn.XLOOKUP(A15, Cotton_Data_Upload!A:A, Cotton_Data_Upload!I:I, 0), 0) -> 6320 | J15: =IF(E15>0, E15 * _xlfn.XLOOKUP(A15, Cotton_Data_Upload!A:A, Cotton_Data_Upload!J:J, 0), 0) -> 0 | K15: =IF(E15>0, E15 * _xlfn.XLOOKUP(A15, Cotton_Data_Upload!A:A, Cotton_Data_Upload!K:K, 0), 0) -> 0
A16: SK2313098 | B16: =IF(A16<>"",$B$2,"") -> 4 | C16: =IF(A16<>"",_xlfn.XLOOKUP(A16,Cotton_Data_Upload!A:A,Cotton_Data_Upload!C:C),0) -> 109.5 | D16: =IF(A16<>"",_xlfn.XLOOKUP(A16,Cotton_Data_Upload!A:A,Cotton_Data_Upload!D:D),0) -> 243.33333 | E16: =MIN(C16, MAX(0, $F$1 - SUM($E$11:E15))) -> 109.5 | F16: =IF(E16>0, E16 * IFERROR(_xlfn.XLOOKUP(A16, Cotton_Data_Upload!A:A, Cotton_Data_Upload!E:E), 0), 0) -> 9088.5 | G16: =E16 * _xlfn.XLOOKUP(A16, Cotton_Data_Upload!A:A, Cotton_Data_Upload!H:H) -> 10950 | H16: =E16 * _xlfn.XLOOKUP(A16, Cotton_Data_Upload!A:A, Cotton_Data_Upload!I:I) -> 10950 | I16: =IF(E16>0, E16 * _xlfn.XLOOKUP(A16, Cotton_Data_Upload!A:A, Cotton_Data_Upload!I:I, 0), 0) -> 10950 | J16: =IF(E16>0, E16 * _xlfn.XLOOKUP(A16, Cotton_Data_Upload!A:A, Cotton_Data_Upload!J:J, 0), 0) -> 0 | K16: =IF(E16>0, E16 * _xlfn.XLOOKUP(A16, Cotton_Data_Upload!A:A, Cotton_Data_Upload!K:K, 0), 0) -> 0
A17: SK2313182 | B17: =IF(A17<>"",$B$2,"") -> 4 | C17: =IF(A17<>"",_xlfn.XLOOKUP(A17,Cotton_Data_Upload!A:A,Cotton_Data_Upload!C:C),0) -> 17 | D17: =IF(A17<>"",_xlfn.XLOOKUP(A17,Cotton_Data_Upload!A:A,Cotton_Data_Upload!D:D),0) -> 37.777778 | E17: =MIN(C17, MAX(0, $F$1 - SUM($E$11:E16))) -> 17 | F17: =IF(E17>0, E17 * IFERROR(_xlfn.XLOOKUP(A17, Cotton_Data_Upload!A:A, Cotton_Data_Upload!E:E), 0), 0) -> 1411 | G17: =E17 * _xlfn.XLOOKUP(A17, Cotton_Data_Upload!A:A, Cotton_Data_Upload!H:H) -> 1666 | H17: =E17 * _xlfn.XLOOKUP(A17, Cotton_Data_Upload!A:A, Cotton_Data_Upload!I:I) -> 1624.52 | I17: =IF(E17>0, E17 * _xlfn.XLOOKUP(A17, Cotton_Data_Upload!A:A, Cotton_Data_Upload!I:I, 0), 0) -> 1624.52 | J17: =IF(E17>0, E17 * _xlfn.XLOOKUP(A17, Cotton_Data_Upload!A:A, Cotton_Data_Upload!J:J, 0), 0) -> 75.48 | K17: =IF(E17>0, E17 * _xlfn.XLOOKUP(A17, Cotton_Data_Upload!A:A, Cotton_Data_Upload!K:K, 0), 0) -> 0
A18: SK2313006 | B18: =IF(A18<>"",$B$2,"") -> 4 | C18: =IF(A18<>"",_xlfn.XLOOKUP(A18,Cotton_Data_Upload!A:A,Cotton_Data_Upload!C:C),0) -> 19.6 | D18: =IF(A18<>"",_xlfn.XLOOKUP(A18,Cotton_Data_Upload!A:A,Cotton_Data_Upload!D:D),0) -> 43.555556 | E18: =MIN(C18, MAX(0, $F$1 - SUM($E$11:E17))) -> 19.6 | F18: =IF(E18>0, E18 * IFERROR(_xlfn.XLOOKUP(A18, Cotton_Data_Upload!A:A, Cotton_Data_Upload!E:E), 0), 0) -> 1097.6 | G18: =E18 * _xlfn.XLOOKUP(A18, Cotton_Data_Upload!A:A, Cotton_Data_Upload!H:H) -> 1960 | H18: =E18 * _xlfn.XLOOKUP(A18, Cotton_Data_Upload!A:A, Cotton_Data_Upload!I:I) -> 1960 | I18: =IF(E18>0, E18 * _xlfn.XLOOKUP(A18, Cotton_Data_Upload!A:A, Cotton_Data_Upload!I:I, 0), 0) -> 1960 | J18: =IF(E18>0, E18 * _xlfn.XLOOKUP(A18, Cotton_Data_Upload!A:A, Cotton_Data_Upload!J:J, 0), 0) -> 0 | K18: =IF(E18>0, E18 * _xlfn.XLOOKUP(A18, Cotton_Data_Upload!A:A, Cotton_Data_Upload!K:K, 0), 0) -> 0
A19: SK2313145 | B19: =IF(A19<>"",$B$2,"") -> 4 | C19: =IF(A19<>"",_xlfn.XLOOKUP(A19,Cotton_Data_Upload!A:A,Cotton_Data_Upload!C:C),0) -> 22.4 | D19: =IF(A19<>"",_xlfn.XLOOKUP(A19,Cotton_Data_Upload!A:A,Cotton_Data_Upload!D:D),0) -> 49.777778 | E19: =MIN(C19, MAX(0, $F$1 - SUM($E$11:E18))) -> 22.4 | F19: =IF(E19>0, E19 * IFERROR(_xlfn.XLOOKUP(A19, Cotton_Data_Upload!A:A, Cotton_Data_Upload!E:E), 0), 0) -> 1254.4 | G19: =E19 * _xlfn.XLOOKUP(A19, Cotton_Data_Upload!A:A, Cotton_Data_Upload!H:H) -> 2240 | H19: =E19 * _xlfn.XLOOKUP(A19, Cotton_Data_Upload!A:A, Cotton_Data_Upload!I:I) -> 2184 | I19: =IF(E19>0, E19 * _xlfn.XLOOKUP(A19, Cotton_Data_Upload!A:A, Cotton_Data_Upload!I:I, 0), 0) -> 2184 | J19: =IF(E19>0, E19 * _xlfn.XLOOKUP(A19, Cotton_Data_Upload!A:A, Cotton_Data_Upload!J:J, 0), 0) -> 56 | K19: =IF(E19>0, E19 * _xlfn.XLOOKUP(A19, Cotton_Data_Upload!A:A, Cotton_Data_Upload!K:K, 0), 0) -> 0
A20: SK2311878 | B20: =IF(A20<>"",$B$2,"") -> 4 | C20: =IF(A20<>"",_xlfn.XLOOKUP(A20,Cotton_Data_Upload!A:A,Cotton_Data_Upload!C:C),0) -> 51 | D20: =IF(A20<>"",_xlfn.XLOOKUP(A20,Cotton_Data_Upload!A:A,Cotton_Data_Upload!D:D),0) -> 113.33333 | E20: =MIN(C20, MAX(0, $F$1 - SUM($E$11:E19))) -> 51 | F20: =IF(E20>0, E20 * IFERROR(_xlfn.XLOOKUP(A20, Cotton_Data_Upload!A:A, Cotton_Data_Upload!E:E), 0), 0) -> 4080 | G20: =E20 * _xlfn.XLOOKUP(A20, Cotton_Data_Upload!A:A, Cotton_Data_Upload!H:H) -> 5100 | H20: =E20 * _xlfn.XLOOKUP(A20, Cotton_Data_Upload!A:A, Cotton_Data_Upload!I:I) -> 5100 | I20: =IF(E20>0, E20 * _xlfn.XLOOKUP(A20, Cotton_Data_Upload!A:A, Cotton_Data_Upload!I:I, 0), 0) -> 5100 | J20: =IF(E20>0, E20 * _xlfn.XLOOKUP(A20, Cotton_Data_Upload!A:A, Cotton_Data_Upload!J:J, 0), 0) -> 0 | K20: =IF(E20>0, E20 * _xlfn.XLOOKUP(A20, Cotton_Data_Upload!A:A, Cotton_Data_Upload!K:K, 0), 0) -> 0
A21: SK2311882 | B21: =IF(A21<>"",$B$2,"") -> 4 | C21: =IF(A21<>"",_xlfn.XLOOKUP(A21,Cotton_Data_Upload!A:A,Cotton_Data_Upload!C:C),0) -> 50 | D21: =IF(A21<>"",_xlfn.XLOOKUP(A21,Cotton_Data_Upload!A:A,Cotton_Data_Upload!D:D),0) -> 111.11111 | E21: =MIN(C21, MAX(0, $F$1 - SUM($E$11:E20))) -> 50 | F21: =IF(E21>0, E21 * IFERROR(_xlfn.XLOOKUP(A21, Cotton_Data_Upload!A:A, Cotton_Data_Upload!E:E), 0), 0) -> 3800 | G21: =E21 * _xlfn.XLOOKUP(A21, Cotton_Data_Upload!A:A, Cotton_Data_Upload!H:H) -> 4700 | H21: =E21 * _xlfn.XLOOKUP(A21, Cotton_Data_Upload!A:A, Cotton_Data_Upload!I:I) -> 5000 | I21: =IF(E21>0, E21 * _xlfn.XLOOKUP(A21, Cotton_Data_Upload!A:A, Cotton_Data_Upload!I:I, 0), 0) -> 5000 | J21: =IF(E21>0, E21 * _xlfn.XLOOKUP(A21, Cotton_Data_Upload!A:A, Cotton_Data_Upload!J:J, 0), 0) -> 0 | K21: =IF(E21>0, E21 * _xlfn.XLOOKUP(A21, Cotton_Data_Upload!A:A, Cotton_Data_Upload!K:K, 0), 0) -> 0
A22: SK2313144 | B22: =IF(A22<>"",$B$2,"") -> 4 | C22: =IF(A22<>"",_xlfn.XLOOKUP(A22,Cotton_Data_Upload!A:A,Cotton_Data_Upload!C:C),0) -> 7.1 | D22: =IF(A22<>"",_xlfn.XLOOKUP(A22,Cotton_Data_Upload!A:A,Cotton_Data_Upload!D:D),0) -> 15.777778 | E22: =MIN(C22, MAX(0, $F$1 - SUM($E$11:E21))) -> 7.1 | F22: =IF(E22>0, E22 * IFERROR(_xlfn.XLOOKUP(A22, Cotton_Data_Upload!A:A, Cotton_Data_Upload!E:E), 0), 0) -> 298.2 | G22: =E22 * _xlfn.XLOOKUP(A22, Cotton_Data_Upload!A:A, Cotton_Data_Upload!H:H) -> 710 | H22: =E22 * _xlfn.XLOOKUP(A22, Cotton_Data_Upload!A:A, Cotton_Data_Upload!I:I) -> 646.881 | I22: =IF(E22>0, E22 * _xlfn.XLOOKUP(A22, Cotton_Data_Upload!A:A, Cotton_Data_Upload!I:I, 0), 0) -> 646.881 | J22: =IF(E22>0, E22 * _xlfn.XLOOKUP(A22, Cotton_Data_Upload!A:A, Cotton_Data_Upload!J:J, 0), 0) -> 63.119 | K22: =IF(E22>0, E22 * _xlfn.XLOOKUP(A22, Cotton_Data_Upload!A:A, Cotton_Data_Upload!K:K, 0), 0) -> 0
A23: SK2313004 | B23: =IF(A23<>"",$B$2,"") -> 4 | C23: =IF(A23<>"",_xlfn.XLOOKUP(A23,Cotton_Data_Upload!A:A,Cotton_Data_Upload!C:C),0) -> 47 | D23: =IF(A23<>"",_xlfn.XLOOKUP(A23,Cotton_Data_Upload!A:A,Cotton_Data_Upload!D:D),0) -> 104.44444 | E23: =MIN(C23, MAX(0, $F$1 - SUM($E$11:E22))) -> 47 | F23: =IF(E23>0, E23 * IFERROR(_xlfn.XLOOKUP(A23, Cotton_Data_Upload!A:A, Cotton_Data_Upload!E:E), 0), 0) -> 2820 | G23: =E23 * _xlfn.XLOOKUP(A23, Cotton_Data_Upload!A:A, Cotton_Data_Upload!H:H) -> 4606 | H23: =E23 * _xlfn.XLOOKUP(A23, Cotton_Data_Upload!A:A, Cotton_Data_Upload!I:I) -> 4700 | I23: =IF(E23>0, E23 * _xlfn.XLOOKUP(A23, Cotton_Data_Upload!A:A, Cotton_Data_Upload!I:I, 0), 0) -> 4700 | J23: =IF(E23>0, E23 * _xlfn.XLOOKUP(A23, Cotton_Data_Upload!A:A, Cotton_Data_Upload!J:J, 0), 0) -> 0 | K23: =IF(E23>0, E23 * _xlfn.XLOOKUP(A23, Cotton_Data_Upload!A:A, Cotton_Data_Upload!K:K, 0), 0) -> 0
... A34: SK2313379 | B34: =IF(A34<>"",$B$2,"") -> 4 | C34: =IF(A34<>"",_xlfn.XLOOKUP(A34,Cotton_Data_Upload!A:A,Cotton_Data_Upload!C:C),0) -> 10.9 | D34: =IF(A34<>"",_xlfn.XLOOKUP(A34,Cotton_Data_Upload!A:A,Cotton_Data_Upload!D:D),0) -> 24.222222 | E34: =MIN(C34, MAX(0, $F$1 - SUM($E$11:E33))) -> 0 | F34: =IF(E34>0, E34 * IFERROR(_xlfn.XLOOKUP(A34, Cotton_Data_Upload!A:A, Cotton_Data_Upload!E:E), 0), 0) -> 0 | G34: =E34 * _xlfn.XLOOKUP(A34, Cotton_Data_Upload!A:A, Cotton_Data_Upload!H:H) -> 0 | H34: =E34 * _xlfn.XLOOKUP(A34, Cotton_Data_Upload!A:A, Cotton_Data_Upload!I:I) -> 0 | I34: =IF(E34>0, E34 * _xlfn.XLOOKUP(A34, Cotton_Data_Upload!A:A, Cotton_Data_Upload!I:I, 0), 0) -> 0 | J34: =IF(E34>0, E34 * _xlfn.XLOOKUP(A34, Cotton_Data_Upload!A:A, Cotton_Data_Upload!J:J, 0), 0) -> 0 | K34: =IF(E34>0, E34 * _xlfn.XLOOKUP(A34, Cotton_Data_Upload!A:A, Cotton_Data_Upload!K:K, 0), 0) -> 0
L36: =IF(A36="", "", IF(AND(E36>=Cotton_Settings!$B$2, G36>=Cotton_Settings!$B$3, H36>=Cotton_Settings!$B$4, I36>=Cotton_Settings!$B$5, J36<=Cotton_Settings!$C$6, K36<=1), "Priority 1", IF(AND(E36>=Cotton_Settings!$D$2, G36>=Cotton_Settings!$D$3, H36>=Cotton_Settings!$D$4, I36>=Cotton_Settings!$D$5, J36<=Cotton_Settings!$D$6, K36<=3), "Priority 2", "Flagged/Reject")))
L37: =IF(A37="", "", IF(AND(E37>=Cotton_Settings!$B$2, G37>=Cotton_Settings!$B$3, H37>=Cotton_Settings!$B$4, I37>=Cotton_Settings!$B$5, J37<=Cotton_Settings!$C$6, K37<=1), "Priority 1", IF(AND(E37>=Cotton_Settings!$D$2, G37>=Cotton_Settings!$D$3, H37>=Cotton_Settings!$D$4, I37>=Cotton_Settings!$D$5, J37<=Cotton_Settings!$D$6, K37<=3), "Priority 2", "Flagged/Reject")))
L38: =IF(A38="", "", IF(AND(E38>=Cotton_Settings!$B$2, G38>=Cotton_Settings!$B$3, H38>=Cotton_Settings!$B$4, I38>=Cotton_Settings!$B$5, J38<=Cotton_Settings!$C$6, K38<=1), "Priority 1", IF(AND(E38>=Cotton_Settings!$D$2, G38>=Cotton_Settings!$D$3, H38>=Cotton_Settings!$D$4, I38>=Cotton_Settings!$D$5, J38<=Cotton_Settings!$D$6, K38<=3), "Priority 2", "Flagged/Reject")))
L39: =IF(A39="", "", IF(AND(E39>=Cotton_Settings!$B$2, G39>=Cotton_Settings!$B$3, H39>=Cotton_Settings!$B$4, I39>=Cotton_Settings!$B$5, J39<=Cotton_Settings!$C$6, K39<=1), "Priority 1", IF(AND(E39>=Cotton_Settings!$D$2, G39>=Cotton_Settings!$D$3, H39>=Cotton_Settings!$D$4, I39>=Cotton_Settings!$D$5, J39<=Cotton_Settings!$D$6, K39<=3), "Priority 2", "Flagged/Reject")))
L40: =IF(A40="", "", IF(AND(E40>=Cotton_Settings!$B$2, G40>=Cotton_Settings!$B$3, H40>=Cotton_Settings!$B$4, I40>=Cotton_Settings!$B$5, J40<=Cotton_Settings!$C$6, K40<=1), "Priority 1", IF(AND(E40>=Cotton_Settings!$D$2, G40>=Cotton_Settings!$D$3, H40>=Cotton_Settings!$D$4, I40>=Cotton_Settings!$D$5, J40<=Cotton_Settings!$D$6, K40<=3), "Priority 2", "Flagged/Reject")))
L41: =IF(A41="", "", IF(AND(E41>=Cotton_Settings!$B$2, G41>=Cotton_Settings!$B$3, H41>=Cotton_Settings!$B$4, I41>=Cotton_Settings!$B$5, J41<=Cotton_Settings!$C$6, K41<=1), "Priority 1", IF(AND(E41>=Cotton_Settings!$D$2, G41>=Cotton_Settings!$D$3, H41>=Cotton_Settings!$D$4, I41>=Cotton_Settings!$D$5, J41<=Cotton_Settings!$D$6, K41<=3), "Priority 2", "Flagged/Reject")))
L42: =IF(A42="", "", IF(AND(E42>=Cotton_Settings!$B$2, G42>=Cotton_Settings!$B$3, H42>=Cotton_Settings!$B$4, I42>=Cotton_Settings!$B$5, J42<=Cotton_Settings!$C$6, K42<=1), "Priority 1", IF(AND(E42>=Cotton_Settings!$D$2, G42>=Cotton_Settings!$D$3, H42>=Cotton_Settings!$D$4, I42>=Cotton_Settings!$D$5, J42<=Cotton_Settings!$D$6, K42<=3), "Priority 2", "Flagged/Reject")))
L43: =IF(A43="", "", IF(AND(E43>=Cotton_Settings!$B$2, G43>=Cotton_Settings!$B$3, H43>=Cotton_Settings!$B$4, I43>=Cotton_Settings!$B$5, J43<=Cotton_Settings!$C$6, K43<=1), "Priority 1", IF(AND(E43>=Cotton_Settings!$D$2, G43>=Cotton_Settings!$D$3, H43>=Cotton_Settings!$D$4, I43>=Cotton_Settings!$D$5, J43<=Cotton_Settings!$D$6, K43<=3), "Priority 2", "Flagged/Reject")))
L44: =IF(A44="", "", IF(AND(E44>=Cotton_Settings!$B$2, G44>=Cotton_Settings!$B$3, H44>=Cotton_Settings!$B$4, I44>=Cotton_Settings!$B$5, J44<=Cotton_Settings!$C$6, K44<=1), "Priority 1", IF(AND(E44>=Cotton_Settings!$D$2, G44>=Cotton_Settings!$D$3, H44>=Cotton_Settings!$D$4, I44>=Cotton_Settings!$D$5, J44<=Cotton_Settings!$D$6, K44<=3), "Priority 2", "Flagged/Reject")))
L45: =IF(A45="", "", IF(AND(E45>=Cotton_Settings!$B$2, G45>=Cotton_Settings!$B$3, H45>=Cotton_Settings!$B$4, I45>=Cotton_Settings!$B$5, J45<=Cotton_Settings!$C$6, K45<=1), "Priority 1", IF(AND(E45>=Cotton_Settings!$D$2, G45>=Cotton_Settings!$D$3, H45>=Cotton_Settings!$D$4, I45>=Cotton_Settings!$D$5, J45<=Cotton_Settings!$D$6, K45<=3), "Priority 2", "Flagged/Reject")))
L46: =IF(A46="", "", IF(AND(E46>=Cotton_Settings!$B$2, G46>=Cotton_Settings!$B$3, H46>=Cotton_Settings!$B$4, I46>=Cotton_Settings!$B$5, J46<=Cotton_Settings!$C$6, K46<=1), "Priority 1", IF(AND(E46>=Cotton_Settings!$D$2, G46>=Cotton_Settings!$D$3, H46>=Cotton_Settings!$D$4, I46>=Cotton_Settings!$D$5, J46<=Cotton_Settings!$D$6, K46<=3), "Priority 2", "Flagged/Reject")))
L47: =IF(A47="", "", IF(AND(E47>=Cotton_Settings!$B$2, G47>=Cotton_Settings!$B$3, H47>=Cotton_Settings!$B$4, I47>=Cotton_Settings!$B$5, J47<=Cotton_Settings!$C$6, K47<=1), "Priority 1", IF(AND(E47>=Cotton_Settings!$D$2, G47>=Cotton_Settings!$D$3, H47>=Cotton_Settings!$D$4, I47>=Cotton_Settings!$D$5, J47<=Cotton_Settings!$D$6, K47<=3), "Priority 2", "Flagged/Reject")))
L48: =IF(A48="", "", IF(AND(E48>=Cotton_Settings!$B$2, G48>=Cotton_Settings!$B$3, H48>=Cotton_Settings!$B$4, I48>=Cotton_Settings!$B$5, J48<=Cotton_Settings!$C$6, K48<=1), "Priority 1", IF(AND(E48>=Cotton_Settings!$D$2, G48>=Cotton_Settings!$D$3, H48>=Cotton_Settings!$D$4, I48>=Cotton_Settings!$D$5, J48<=Cotton_Settings!$D$6, K48<=3), "Priority 2", "Flagged/Reject")))

Sheet Cotton_Data_Upload
A3: Lot no | B3: Lot Location | C3: Qty in kg | D3: Packets | E3: Germ | F3: DOT | G3: CRY-1 % | H3: CRY-2% | I3: GP% | J3: Self% | K3: OT%
A4: SK2313258 | B4: 4 | C4: 21.5 | D4: 47.777778 | E4: 87 | F4: 45329 | G4: 100 | H4: 98 | I4: 100 | J4: 0 | K4: 0
A5: SK2311828 | B5: 4 | C5: 110.5 | D5: 245.55556 | E5: 87 | F5: 45328 | G5: 100 | H5: 98 | I5: 97.37 | J5: 2.63 | K5: 0
A6: SK2311881 | B6: 4 | C6: 56.6 | D6: 125.77778 | E6: 85 | F6: 45328 | G6: 100 | H6: 100 | I6: 100 | J6: 0 | K6: 0
A7: SK2312996 | B7: 4 | C7: 69.3 | D7: 154 | E7: 84 | F7: 45328 | G7: 94 | H7: 96 | I7: 92.5 | J7: 7.5 | K7: 0
A8: SK2313151 | B8: 4 | C8: 63.2 | D8: 140.44444 | E8: 84 | F8: 45330 | G8: 100 | H8: 45 | I8: 100 | J8: 0 | K8: 0
A9: SK2313098 | B9: 4 | C9: 109.5 | D9: 243.33333 | E9: 83 | F9: 45329 | G9: 100 | H9: 100 | I9: 100 | J9: 0 | K9: 0
A10: SK2313182 | B10: 4 | C10: 17 | D10: 37.777778 | E10: 83 | F10: 45335 | G10: 100 | H10: 98 | I10: 95.56 | J10: 4.44 | K10: 0
A11: SK2313006 | B11: 4 | C11: 19.6 | D11: 43.555556 | E11: 56 | F11: 45328 | G11: 100 | H11: 100 | I11: 100 | J11: 0 | K11: 0
A12: SK2313145 | B12: 4 | C12: 22.4 | D12: 49.777778 | E12: 56 | F12: 45330 | G12: 100 | H12: 100 | I12: 97.5 | J12: 2.5 | K12: 0
A13: SK2311878 | B13: 4 | C13: 51 | D13: 113.33333 | E13: 80 | F13: 45328 | G13: 100 | H13: 100 | I13: 100 | J13: 0 | K13: 0
A14: SK2311882 | B14: 4 | C14: 50 | D14: 111.11111 | E14: 76 | F14: 45328 | G14: 100 | H14: 94 | I14: 100 | J14: 0 | K14: 0
A15: SK2313144 | B15: 4 | C15: 7.1 | D15: 15.777778 | E15: 42 | F15: 45330 | G15: 50 | H15: 100 | I15: 91.11 | J15: 8.89 | K15: 0
... A29: SK2318945 | B29: 5 | C29: 42.6 | D29: 94.666667 | E29: 50 | F29: 45337 | G29: 100 | H29: 98 | I29: 90.24 | J29: 9.76 | K29: 0
C30: =SUM(C4:C29) -> 1188.3 | D30: =SUM(D4:D29) -> 2640.6667

Sheet Cotton_Settings
A1: Parameter | B1: P1 Min | C1: P1 Max | D1: P2 Range
A2: Germ % | B2: 75 | D2: 65 | F2: {=_xlfn.UNIQUE(Cotton_Data_Upload!B4:B100)} -> 4
A3: CRY-1 % | B3: 90 | D3: 80 | F3: 5
A4: CRY-2 % | B4: 90 | D4: 80 | F4: 0
A5: GP % | B5: 90 | D5: 85
A6: Self % | C6: 8.5 | D6: 15
A7: OT % | C7: 1.5 | D7: 3
